stockCode,date,open,high,low,close,volume
207940,2020-01-02,629806,639261,618897,623261,72711
207940,2020-01-03,627623,634897,608716,613807,83139
207940,2020-01-06,602897,605806,597806,599261,67135
207940,2020-01-07,604352,610170,597806,609443,57518
207940,2020-01-08,599989,603625,583261,594171,102046
207940,2020-01-09,606533,613078,605079,610897,57868
207940,2020-01-10,613807,638534,607987,634897,123677
207940,2020-01-13,638534,645078,632714,640715,83335
207940,2020-01-14,640715,642897,629806,632714,70815
207940,2020-01-15,630533,634897,625442,631987,41197
207940,2020-01-16,632714,638534,626169,634897,46620
207940,2020-01-17,634897,638534,628352,635624,45227
207940,2020-01-20,638534,643624,636351,637078,44430
207940,2020-01-21,639261,646532,635624,637078,47214
207940,2020-01-22,635624,660351,634897,657442,120636
207940,2020-01-23,682896,717078,666895,702532,294477
207940,2020-01-28,693805,725804,692351,718532,214928
207940,2020-01-29,720713,720713,705440,714168,108444
207940,2020-01-30,713441,727259,705440,719986,108499
207940,2020-01-31,719986,726532,704713,704713,88770
207940,2020-02-03,693805,703986,676350,697442,129772
207940,2020-02-04,702532,717078,701805,716351,76197
207940,2020-02-05,720713,726532,711258,712714,63888
207940,2020-02-06,723622,760713,718532,754894,200281
207940,2020-02-07,757804,762167,741804,754894,84450
207940,2020-02-10,754894,776713,743258,770895,102752
207940,2020-02-11,779621,788348,762167,767985,114740
207940,2020-02-12,767985,782530,763621,770895,88289
207940,2020-02-13,781076,781076,766531,770895,75114
207940,2020-02-14,770895,775259,767985,769439,51966
207940,2020-02-17,769439,769439,751986,754894,98006
207940,2020-02-18,747622,753440,741804,746168,81571
207940,2020-02-19,746168,751986,727259,734531,117913
207940,2020-02-20,737441,747622,719986,725076,175472
207940,2020-02-21,717078,718532,702532,707623,143764
207940,2020-02-24,683623,694532,670532,670532,187281
207940,2020-02-25,667624,697442,666168,696715,165560
207940,2020-02-26,680714,704713,679260,698169,105248
207940,2020-02-27,696715,703986,685077,698169,111488
207940,2020-02-28,687987,690895,662533,674169,155696
207940,2020-03-02,673442,687260,665441,679260,100220
207940,2020-03-03,697442,730167,693078,697442,157084
207940,2020-03-04,697442,714168,696715,711258,94064
207940,2020-03-05,725076,725804,712714,722168,87563
207940,2020-03-06,714168,718532,709077,714168,62733
207940,2020-03-09,703986,727259,702532,718532,135718
207940,2020-03-10,711258,722895,706896,721441,104919
207940,2020-03-11,737441,747622,693078,703986,135581
207940,2020-03-12,698169,711258,679260,702532,164438
207940,2020-03-13,676350,695259,610897,663987,320374
207940,2020-03-16,673442,690168,624715,625442,146637
207940,2020-03-17,596352,629806,595625,607260,284462
207940,2020-03-18,618897,621806,582534,582534,185932
207940,2020-03-19,596352,605079,511990,532353,316030
207940,2020-03-20,557807,655987,540353,625442,394002
207940,2020-03-23,590534,661078,589807,634170,396017
207940,2020-03-24,658170,715622,651623,692351,341826
207940,2020-03-25,716351,718532,671986,690895,289635
207940,2020-03-26,682896,690895,663260,663987,217637
207940,2020-03-27,679260,682169,634170,644351,268600
207940,2020-03-30,635624,657442,630533,654533,145676
207940,2020-03-31,661805,717078,651623,701077,446972
000100,2020-01-02,39738,39738,38648,38819,170781
000100,2020-01-03,39068,39068,38564,38650,208351
000100,2020-01-06,37979,38648,37894,37980,144194
000100,2020-01-07,38062,38732,37810,38650,181316
000100,2020-01-08,37978,38314,37559,37896,201988
000100,2020-01-09,38062,38815,38062,38650,214720
000100,2020-01-10,38315,38902,38063,38903,156471
000100,2020-01-13,39069,39236,38818,39155,149375
000100,2020-01-14,39151,39570,38816,38986,151283
000100,2020-01-15,38817,39319,38314,38819,144898
000100,2020-01-16,38565,38817,38230,38819,139795
000100,2020-01-17,38481,38817,38397,38483,124044
000100,2020-01-20,38314,39069,38146,38735,162935
000100,2020-01-21,38901,39404,38398,38567,122012
000100,2020-01-22,38733,38901,38315,38567,118193
000100,2020-01-23,38399,38399,38064,38065,140139
000100,2020-01-28,37560,38985,37477,38148,311597
000100,2020-01-29,38398,38482,37560,37729,164136
000100,2020-01-30,37726,38062,37223,37309,142581
000100,2020-01-31,37474,37642,36466,36554,170629
000100,2020-02-03,35713,36887,35713,36470,250458
000100,2020-02-04,36385,37308,36385,36974,201761
000100,2020-02-05,36804,37308,36553,36890,171374
000100,2020-02-06,37392,38315,37392,37561,308709
000100,2020-02-07,37644,38231,37560,38232,195512
000100,2020-02-10,37894,38145,37643,37896,106547
000100,2020-02-11,37979,38146,37811,37980,123595
000100,2020-02-12,37812,38231,37560,38148,198914
000100,2020-02-13,37979,38147,37728,37729,174319
000100,2020-02-14,37643,37726,37140,37142,150001
000100,2020-02-17,37140,37392,36888,36974,140981
000100,2020-02-18,36889,37056,36637,36890,118076
000100,2020-02-19,37224,37224,36721,37058,156404
000100,2020-02-20,36889,37224,36721,36890,149274
000100,2020-02-21,36467,36720,35798,35800,244140
000100,2020-02-24,35547,35713,34709,34710,228967
000100,2020-02-25,34624,35881,34624,35548,251312
000100,2020-02-26,35210,35881,35210,35464,189120
000100,2020-02-27,35965,36720,35546,36303,316481
000100,2020-02-28,36637,36721,35714,35884,456582
000100,2020-03-02,36384,37306,36216,37309,320579
000100,2020-03-03,37308,38230,37223,37980,396369
000100,2020-03-04,38231,39069,37895,38148,377593
000100,2020-03-05,38314,39153,38063,39070,368523
000100,2020-03-06,38984,39572,38733,39155,315713
000100,2020-03-09,39068,39153,38397,38819,306726
000100,2020-03-10,38565,39153,37727,39070,378548
000100,2020-03-11,38984,39154,37644,38065,355711
000100,2020-03-12,37978,38398,35379,35884,505422
000100,2020-03-13,33115,36133,32863,34877,564509
000100,2020-03-16,35545,36215,34623,34877,265831
000100,2020-03-17,34372,35546,33786,35548,379155
000100,2020-03-18,35296,35798,34373,34794,366346
000100,2020-03-19,35043,35462,32612,32614,482050
000100,2020-03-20,33450,33703,32528,33537,417781
000100,2020-03-23,32191,32945,31437,32697,308418
000100,2020-03-24,33033,33788,32781,33621,294459
000100,2020-03-25,33955,34374,33451,33873,426822
000100,2020-03-26,33870,34875,33534,34039,386533
000100,2020-03-27,34961,42926,34542,37394,3031738
000100,2020-03-30,36973,38231,36051,37394,667528
000100,2020-03-31,38064,38482,37141,38400,794850
128940,2020-01-02,274684,276540,270507,272366,32022
128940,2020-01-03,277005,277470,272365,275151,32085
128940,2020-01-06,270046,275149,268652,269118,31267
128940,2020-01-07,271435,272827,268650,270973,22876
128940,2020-01-08,269117,269581,262157,265407,54251
128940,2020-01-09,269116,270045,265867,267262,29810
128940,2020-01-10,267261,273293,264941,271439,38200
128940,2020-01-13,271898,278394,271898,277005,42091
128940,2020-01-14,278395,280252,272828,274686,35911
128940,2020-01-15,275613,278862,273758,277935,23362
128940,2020-01-16,277931,277931,274682,276077,29118
128940,2020-01-17,275612,277468,272828,273294,26362
128940,2020-01-20,273757,276075,270045,273294,32424
128940,2020-01-21,271901,277469,271901,273759,31702
128940,2020-01-22,276541,281180,275150,277935,45753
128940,2020-01-23,277003,277003,271899,273294,47938
128940,2020-01-28,270972,274221,264477,266335,49061
128940,2020-01-29,267725,268188,262620,267262,45296
128940,2020-01-30,264476,272828,264012,267262,45310
128940,2020-01-31,267725,270045,260764,260766,43645
128940,2020-02-03,257980,262620,255197,260766,44922
128940,2020-02-04,260301,264477,260301,263550,33547
128940,2020-02-05,264012,266332,260300,261230,39370
128940,2020-02-06,264477,273293,262157,271439,42182
128940,2020-02-07,268653,276077,268653,275151,46425
128940,2020-02-10,275149,283965,271437,276542,74068
128940,2020-02-11,277468,281644,276540,278398,33243
128940,2020-02-12,278397,281181,277005,279327,23491
128940,2020-02-13,276540,279324,273756,274686,43224
128940,2020-02-14,272830,274685,270509,271439,37511
128940,2020-02-17,269580,273291,268188,268190,42804
128940,2020-02-18,267725,269116,264012,264942,46030
128940,2020-02-19,267726,269117,264477,265407,39440
128940,2020-02-20,265403,265403,260300,260766,43641
128940,2020-02-21,259835,260299,255658,256125,42844
128940,2020-02-24,246843,250092,242203,242206,67445
128940,2020-02-25,238492,247773,238028,246846,47391
128940,2020-02-26,246380,248699,242668,246382,37083
128940,2020-02-27,246381,257053,245453,250558,55612
128940,2020-02-28,246843,249164,239419,242206,72135
128940,2020-03-02,246379,248699,241275,247310,32401
128940,2020-03-03,249164,254268,247307,247310,52941
128940,2020-03-04,247307,252411,247307,251486,36095
128940,2020-03-05,255197,264013,252412,263550,71043
128940,2020-03-06,260764,265403,258908,260766,46204
128940,2020-03-09,258444,259372,251484,257054,36609
128940,2020-03-10,257052,259373,251019,258910,48615
128940,2020-03-11,258907,262618,249163,251021,46757
128940,2020-03-12,255658,255658,237562,240813,84533
128940,2020-03-13,214367,228750,207871,223183,101161
128940,2020-03-16,227357,233853,223181,223647,54662
128940,2020-03-17,212508,225500,212508,222254,56036
128940,2020-03-18,227357,230140,218542,218543,56718
128940,2020-03-19,222252,224108,198124,202302,85748
128940,2020-03-20,203692,211581,198589,210654,76805
128940,2020-03-23,200445,206476,198124,199982,53510
128940,2020-03-24,206943,212975,203230,212975,64970
128940,2020-03-25,223646,223646,218078,223647,67967
128940,2020-03-26,227820,231067,219931,225966,66712
128940,2020-03-27,232925,244062,222717,229679,85564
128940,2020-03-30,227820,231996,222716,230142,43428
128940,2020-03-31,234782,244063,231998,242671,78710
068270,2020-01-02,147352,148980,143281,146539,763806
068270,2020-01-03,147759,148573,144096,144503,611760
068270,2020-01-06,141654,142875,140432,140839,706402
068270,2020-01-07,142060,145723,141654,144910,561801
068270,2020-01-08,142468,143281,138805,140839,1094588
068270,2020-01-09,144910,146131,142468,144096,638189
068270,2020-01-10,145317,145317,142468,144503,529564
068270,2020-01-13,145723,147352,145317,146131,556593
068270,2020-01-14,146131,147759,144096,144910,621824
068270,2020-01-15,144910,145317,143281,143688,360569
068270,2020-01-16,143281,151830,141654,146946,1563332
068270,2020-01-17,146946,147352,141654,142468,1004873
068270,2020-01-20,141654,142468,140025,140432,698319
068270,2020-01-21,141654,142875,140432,140432,507325
068270,2020-01-22,140432,143688,140432,143688,467405
068270,2020-01-23,144503,144503,141654,142875,429037
068270,2020-01-28,138805,141247,138396,138805,832735
068270,2020-01-29,140432,140839,138396,139211,601997
068270,2020-01-30,140025,140839,134733,135955,776367
068270,2020-01-31,136769,139618,134326,134326,722199
068270,2020-02-03,131884,136362,130255,135547,838490
068270,2020-02-04,136362,137989,134326,136362,877248
068270,2020-02-05,137583,137989,133105,133919,804453
068270,2020-02-06,135141,141654,134733,140432,1021314
068270,2020-02-07,141247,141654,138396,139618,529079
068270,2020-02-10,139211,142875,137989,140839,609425
068270,2020-02-11,141654,143688,140432,141247,532362
068270,2020-02-12,141654,142468,140025,141654,400771
068270,2020-02-13,142875,147352,142875,145317,1492531
068270,2020-02-14,144910,148167,144503,147352,792940
068270,2020-02-17,148573,152644,148573,151422,980531
068270,2020-02-18,152237,152237,148573,150202,676075
068270,2020-02-19,151422,152237,146539,147759,907565
068270,2020-02-20,148167,148573,143688,145723,925194
068270,2020-02-21,143688,147352,143281,144096,551248
068270,2020-02-24,140432,142060,137583,137583,944180
068270,2020-02-25,137583,140839,137176,140432,698830
068270,2020-02-26,138396,144096,137583,140839,943278
068270,2020-02-27,141247,142468,137583,138805,809290
068270,2020-02-28,136769,139618,135955,138396,1006080
068270,2020-03-02,138805,142468,137176,142468,808415
068270,2020-03-03,145317,145723,140025,140432,805516
068270,2020-03-04,139618,142468,139211,142060,524530
068270,2020-03-05,144096,148167,142060,148167,1115923
068270,2020-03-06,147759,148980,144096,144503,868228
068270,2020-03-09,142468,146946,141247,141654,1218576
068270,2020-03-10,140025,147352,137583,147352,1478895
068270,2020-03-11,146539,148167,140839,142468,1003402
068270,2020-03-12,141247,144910,137176,140432,1486397
068270,2020-03-13,134326,141654,127406,138805,2737339
068270,2020-03-16,143281,144910,134733,134733,1295012
068270,2020-03-17,128627,139211,128627,136769,1719901
068270,2020-03-18,136769,139211,127813,127813,1492137
068270,2020-03-19,133105,133919,112753,113974,3550166
068270,2020-03-20,118451,124557,114788,124150,2480214
068270,2020-03-23,118451,150202,118045,142468,8212517
068270,2020-03-24,145317,155086,144096,149794,4795046
068270,2020-03-25,155493,155901,144503,148980,2867602
068270,2020-03-26,148167,155493,145317,147759,2998438
068270,2020-03-27,153458,154680,145317,149794,2367665
068270,2020-03-30,148167,151830,147759,150609,1151876
068270,2020-03-31,152644,189279,151015,186429,13673763
005930,2020-01-02,55500,56000,55000,55200,12993228
005930,2020-01-03,56000,56600,54900,55500,15422255
005930,2020-01-06,54900,55600,54600,55500,10278951
005930,2020-01-07,55700,56400,55600,55800,10009778
005930,2020-01-08,56200,57400,55900,56800,23501171
005930,2020-01-09,58400,58600,57400,58600,24102579
005930,2020-01-10,58800,59700,58300,59500,16000170
005930,2020-01-13,59600,60000,59100,60000,11359139
005930,2020-01-14,60400,61000,59900,60000,16906295
005930,2020-01-15,59500,59600,58900,59000,14300928
005930,2020-01-16,59100,60700,59000,60700,14381774
005930,2020-01-17,61900,62000,61000,61300,16025661
005930,2020-01-20,62000,62800,61700,62400,12528855
005930,2020-01-21,62000,62400,61200,61400,11142693
005930,2020-01-22,60500,62600,60400,62300,15339565
005930,2020-01-23,61800,61800,60700,60800,14916555
005930,2020-01-28,59400,59400,58300,58800,23664541
005930,2020-01-29,59100,59700,58800,59100,16446102
005930,2020-01-30,58800,58800,56800,57200,20821939
005930,2020-01-31,57800,58400,56400,56400,19749457
005930,2020-02-03,55500,57400,55200,57200,23995260
005930,2020-02-04,57100,59000,56800,58900,21800192
005930,2020-02-05,60000,60200,58900,59500,19278165
005930,2020-02-06,60100,61100,59700,61100,14727159
005930,2020-02-07,61100,61200,59700,60400,16402493
005930,2020-02-10,59200,59800,59100,59700,13107121
005930,2020-02-11,59800,60700,59700,59900,11071231
005930,2020-02-12,60300,60700,59700,60500,12904207
005930,2020-02-13,61200,61600,60500,60700,18449775
005930,2020-02-14,60900,61900,60200,61800,13276067
005930,2020-02-17,61600,62000,61200,61500,8740596
005930,2020-02-18,60800,60900,59700,59800,16674266
005930,2020-02-19,59800,60400,59400,60200,12951496
005930,2020-02-20,60700,61300,59600,60000,14591924
005930,2020-02-21,58800,59800,58500,59200,13777393
005930,2020-02-24,57400,58100,56800,56800,25627537
005930,2020-02-25,56200,58000,56200,57900,23885408
005930,2020-02-26,56000,57000,56000,56500,25483102
005930,2020-02-27,56300,56900,55500,55900,23209541
005930,2020-02-28,55000,55500,54200,54200,30054227
005930,2020-03-02,54300,55500,53600,55000,30403412
005930,2020-03-03,56700,56900,55100,55400,30330295
005930,2020-03-04,54800,57600,54600,57400,24765728
005930,2020-03-05,57600,58000,56700,57800,21698990
005930,2020-03-06,56500,57200,56200,56500,18716656
005930,2020-03-09,54700,55000,53600,54200,30261485
005930,2020-03-10,53800,54900,53700,54600,32106554
005930,2020-03-11,54300,54400,52000,52100,45707281
005930,2020-03-12,51000,51900,49300,50800,48149999
005930,2020-03-13,47450,51600,46850,49950,59462933
005930,2020-03-16,50100,50900,48800,48900,33339821
005930,2020-03-17,46900,49650,46700,47300,51218151
005930,2020-03-18,47750,48350,45600,45600,40152623
005930,2020-03-19,46400,46650,42300,42950,56925513
005930,2020-03-20,44150,45500,43550,45400,49730008
005930,2020-03-23,42600,43550,42400,42500,41701626
005930,2020-03-24,43850,46950,43050,46950,49801908
005930,2020-03-25,48950,49600,47150,48650,52735922
005930,2020-03-26,49000,49300,47700,47800,42185129
005930,2020-03-27,49600,49700,46850,48300,39896178
005930,2020-03-30,47050,48350,46550,47850,26797395
005930,2020-03-31,48000,48500,47150,47750,30654261
035420,2020-01-02,187500,188000,182000,182500,300640
035420,2020-01-03,185000,186000,180500,181500,454492
035420,2020-01-06,180000,182000,178000,180500,287970
035420,2020-01-07,182500,187000,181500,187000,328624
035420,2020-01-08,182000,183500,179000,183000,820867
035420,2020-01-09,183500,186500,183500,186000,531355
035420,2020-01-10,185000,188000,183999,188000,398739
035420,2020-01-13,187500,188499,185999,188000,337749
035420,2020-01-14,188000,194499,188000,190500,501286
035420,2020-01-15,189500,191999,188500,191500,323778
035420,2020-01-16,190000,192500,189000,191500,245107
035420,2020-01-17,190500,192499,189500,191000,286019
035420,2020-01-20,190000,190500,187000,187500,454733
035420,2020-01-21,187500,189500,181000,182000,547678
035420,2020-01-22,185000,190000,184500,186000,429852
035420,2020-01-23,185000,185500,181500,183000,375929
035420,2020-01-28,182000,184500,178000,178500,476253
035420,2020-01-29,183000,183500,180000,180000,434897
035420,2020-01-30,179500,183000,175000,180000,772160
035420,2020-01-31,180000,180500,177500,179500,537062
035420,2020-02-03,178000,180500,176000,177500,485913
035420,2020-02-04,177500,181500,175000,180500,563463
035420,2020-02-05,181000,183500,178500,181500,653809
035420,2020-02-06,182500,183500,180500,181500,659850
035420,2020-02-07,181500,188500,181000,185000,728633
035420,2020-02-10,182500,184000,180500,183500,433051
035420,2020-02-11,183500,185000,183000,184500,400386
035420,2020-02-12,183000,185000,181500,185000,351892
035420,2020-02-13,184000,185000,183000,184500,555923
035420,2020-02-14,184000,187499,184000,186500,659429
035420,2020-02-17,184500,189000,184500,188500,312407
035420,2020-02-18,186500,188500,185500,186500,345642
035420,2020-02-19,188000,191000,185000,189500,560743
035420,2020-02-20,189500,191500,187500,190000,427402
035420,2020-02-21,187500,191000,187000,189500,434019
035420,2020-02-24,185500,187500,183500,184000,567036
035420,2020-02-25,184000,191000,183500,190500,704859
035420,2020-02-26,189500,189999,186499,187000,494066
035420,2020-02-27,185000,187000,179000,182000,535696
035420,2020-02-28,179000,180000,172000,174000,830654
035420,2020-03-02,175000,177000,172500,175000,659376
035420,2020-03-03,179000,180000,174000,175000,544379
035420,2020-03-04,174500,179500,173000,178500,450252
035420,2020-03-05,180500,181000,178500,181000,483840
035420,2020-03-06,179500,181000,177500,179500,293897
035420,2020-03-09,174500,174500,167500,168000,668089
035420,2020-03-10,168000,176000,165000,172000,666532
035420,2020-03-11,172000,174000,167500,170000,483822
035420,2020-03-12,170000,170000,161000,166500,980814
035420,2020-03-13,151000,168000,149500,166000,1242510
035420,2020-03-16,166000,166500,155000,155000,812823
035420,2020-03-17,147500,155500,147000,151000,979243
035420,2020-03-18,152500,156000,146000,146000,666723
035420,2020-03-19,150000,151500,135000,144000,1154230
035420,2020-03-20,147500,156500,146000,154000,997895
035420,2020-03-23,141500,149500,140000,143000,1033851
035420,2020-03-24,151500,157000,148000,156000,960786
035420,2020-03-25,160500,163000,152000,156000,1039579
035420,2020-03-26,156000,158000,149500,152500,988725
035420,2020-03-27,161500,164500,158500,164000,1217815
035420,2020-03-30,160000,165000,159000,162500,630830
035420,2020-03-31,163500,171000,163500,170000,858165
018260,2020-01-02,194500,195000,192000,192000,59743
018260,2020-01-03,193500,195000,191500,192500,66452
018260,2020-01-06,191000,192500,190000,190500,64597
018260,2020-01-07,192000,193000,191000,192500,51281
018260,2020-01-08,190500,190500,188000,188500,91742
018260,2020-01-09,189500,192000,189000,192000,91492
018260,2020-01-10,191000,197000,191000,196000,139691
018260,2020-01-13,196000,198000,194500,197500,91808
018260,2020-01-14,197500,198500,196500,198000,71513
018260,2020-01-15,197500,198000,196000,197500,73997
018260,2020-01-16,196500,197500,194500,197000,65021
018260,2020-01-17,197000,199500,196000,199500,93376
018260,2020-01-20,200000,206000,199500,204000,179569
018260,2020-01-21,204500,205000,202000,204000,83022
018260,2020-01-22,204000,206000,202000,206000,83472
018260,2020-01-23,204000,207000,203500,205000,78101
018260,2020-01-28,199500,202500,194500,195000,130785
018260,2020-01-29,196500,198500,192000,198000,125502
018260,2020-01-30,198000,204000,195000,201000,221159
018260,2020-01-31,201000,201500,194000,194000,148197
018260,2020-02-03,190500,194500,190500,191500,132085
018260,2020-02-04,191500,195000,190500,194000,137463
018260,2020-02-05,195500,195500,192000,193000,112312
018260,2020-02-06,195500,200000,194000,200000,109667
018260,2020-02-07,197500,198500,195500,198000,79562
018260,2020-02-10,196000,199000,194500,198500,69634
018260,2020-02-11,199000,201000,197500,199500,108382
018260,2020-02-12,198000,202000,198000,200500,77691
018260,2020-02-13,200500,201500,198000,198000,121745
018260,2020-02-14,196000,201000,195500,200000,77990
018260,2020-02-17,200000,203500,198000,201500,97633
018260,2020-02-18,200500,202000,198500,199000,98236
018260,2020-02-19,201000,201500,197000,199000,84179
018260,2020-02-20,199000,200000,195500,195500,83102
018260,2020-02-21,194500,195000,191500,191500,102180
018260,2020-02-24,187500,187500,181500,182000,177689
018260,2020-02-25,182500,184000,180000,183000,136536
018260,2020-02-26,180000,181000,178500,179500,152177
018260,2020-02-27,179000,179500,171000,173000,175474
018260,2020-02-28,169500,172000,165500,166500,227314
018260,2020-03-02,167000,170500,164500,168000,175676
018260,2020-03-03,173500,174000,168000,169500,128842
018260,2020-03-04,168000,181000,168000,179500,217843
018260,2020-03-05,180500,182000,178000,181000,155810
018260,2020-03-06,177000,178500,175500,178000,128619
018260,2020-03-09,173000,175000,168500,169000,192115
018260,2020-03-10,169000,173000,168500,169500,187060
018260,2020-03-11,169500,171000,164500,166500,163684
018260,2020-03-12,167000,167500,155500,158000,281229
018260,2020-03-13,144000,155000,143500,152000,390416
018260,2020-03-16,153000,156000,148500,148500,144413
018260,2020-03-17,142000,149500,141500,143000,200410
018260,2020-03-18,146000,151500,141000,141000,221415
018260,2020-03-19,144500,147500,132500,139000,312816
018260,2020-03-20,141500,145000,137500,145000,243413
018260,2020-03-23,135500,140000,133500,137000,196608
018260,2020-03-24,141000,146000,137000,146000,201754
018260,2020-03-25,150000,152500,144500,148500,280289
018260,2020-03-26,147000,149000,143000,143500,287659
018260,2020-03-27,149000,149500,141500,146000,231557
018260,2020-03-30,144500,151500,141000,151500,180056
018260,2020-03-31,151500,154000,146500,149500,219481
066570,2020-01-02,71800,72100,71000,71000,284758
066570,2020-01-03,71400,71900,70800,71100,369493
066570,2020-01-06,70300,70500,69600,69900,337026
066570,2020-01-07,69800,70600,69800,70300,265311
066570,2020-01-08,70300,70300,67000,67500,937438
066570,2020-01-09,68100,68300,66100,66600,1565867
066570,2020-01-10,67000,67500,66400,66800,797710
066570,2020-01-13,66900,67000,66200,66600,600906
066570,2020-01-14,67200,69400,67100,68300,1081428
066570,2020-01-15,68800,70000,68600,69600,698052
066570,2020-01-16,69800,70000,68900,69900,440562
066570,2020-01-17,69800,70200,68900,69200,464204
066570,2020-01-20,69600,71700,69400,71200,894609
066570,2020-01-21,71400,71600,70100,70100,379059
066570,2020-01-22,69800,70500,68600,70400,546215
066570,2020-01-23,69600,69700,68600,69000,604024
066570,2020-01-28,66600,67500,66600,67100,729302
066570,2020-01-29,67100,68000,66900,67200,585990
066570,2020-01-30,67000,67800,66900,67200,549972
066570,2020-01-31,67200,67600,65800,65900,697360
066570,2020-02-03,65400,65600,64100,64900,797729
066570,2020-02-04,64400,65400,64400,65100,716163
066570,2020-02-05,65600,65700,64800,65200,657342
066570,2020-02-06,65600,67000,65500,66800,635295
066570,2020-02-07,66700,67400,66500,67300,519466
066570,2020-02-10,67000,67000,66100,67000,364246
066570,2020-02-11,67500,67600,66800,67200,462160
066570,2020-02-12,67000,68300,67000,67900,487071
066570,2020-02-13,68200,68400,67000,67100,699540
066570,2020-02-14,67200,67600,66700,67000,354348
066570,2020-02-17,66900,67300,66000,67000,560384
066570,2020-02-18,67900,70000,67700,68900,1338368
066570,2020-02-19,69300,69400,68000,68800,636116
066570,2020-02-20,68700,69000,66700,67200,677402
066570,2020-02-21,66000,67000,65800,66100,531902
066570,2020-02-24,64800,65000,63100,63300,874557
066570,2020-02-25,62200,63500,62100,63000,956415
066570,2020-02-26,62100,63700,61500,63300,607215
066570,2020-02-27,63000,63600,62000,62400,524379
066570,2020-02-28,61400,61700,60000,60400,932828
066570,2020-03-02,60300,61200,59600,60100,711979
066570,2020-03-03,61500,61700,60000,60200,587763
066570,2020-03-04,60100,61200,60100,60600,520867
066570,2020-03-05,61300,61900,60800,61500,573595
066570,2020-03-06,60900,61100,60200,60300,542438
066570,2020-03-09,59000,59300,57500,57800,1001568
066570,2020-03-10,58800,61400,58400,60000,1500440
066570,2020-03-11,60000,61000,58100,59000,938290
066570,2020-03-12,58900,58900,55000,55500,1649095
066570,2020-03-13,51100,54500,50600,52500,1968749
066570,2020-03-16,53100,54200,50400,50400,948845
066570,2020-03-17,48000,52000,48000,49450,1004008
066570,2020-03-18,50200,50800,47700,48000,886739
066570,2020-03-19,48900,49600,43650,43650,1601945
066570,2020-03-20,44600,45700,43550,45100,1539670
066570,2020-03-23,42350,42850,41600,41850,1186795
066570,2020-03-24,42700,44450,42200,44400,1316623
066570,2020-03-25,48400,48850,46800,48500,1506779
066570,2020-03-26,49450,51300,48600,49000,1377158
066570,2020-03-27,51300,51500,48000,49400,1110394
066570,2020-03-30,48400,49200,47100,48500,937027
066570,2020-03-31,49100,49500,47600,48200,1106424
139480,2020-01-02,128000,128000,125500,125500,103554
139480,2020-01-03,126000,126500,122500,122500,169434
139480,2020-01-06,121500,122500,118500,120000,176765
139480,2020-01-07,120500,121500,119500,121000,138060
139480,2020-01-08,120500,120500,116500,118000,280257
139480,2020-01-09,119000,120500,118500,120000,212498
139480,2020-01-10,119500,121000,118500,119500,269884
139480,2020-01-13,119500,121000,118500,120000,211358
139480,2020-01-14,121000,125000,120500,124000,195645
139480,2020-01-15,123500,125500,122000,123500,212637
139480,2020-01-16,123000,124000,121500,122000,242299
139480,2020-01-17,122000,123000,120500,121000,210911
139480,2020-01-20,121000,121500,119500,120500,207641
139480,2020-01-21,120500,121000,118500,119000,221720
139480,2020-01-22,119500,119500,117000,118500,183884
139480,2020-01-23,118000,118000,116500,118000,162154
139480,2020-01-28,114500,116500,111500,113500,311474
139480,2020-01-29,113500,115000,112000,113500,152516
139480,2020-01-30,113000,114500,111000,113000,171327
139480,2020-01-31,112000,113500,110500,111000,130768
139480,2020-02-03,107000,110000,106000,108000,222049
139480,2020-02-04,107000,112500,107000,110000,163709
139480,2020-02-05,111000,111000,108500,109500,130316
139480,2020-02-06,110500,114500,110500,114000,156863
139480,2020-02-07,113500,114000,112000,113000,146116
139480,2020-02-10,111500,115500,111500,114500,122123
139480,2020-02-11,114500,115500,112000,113000,165343
139480,2020-02-12,112000,114500,111500,114500,185571
139480,2020-02-13,114500,114500,112500,112500,212673
139480,2020-02-14,112500,113000,109500,109500,239841
139480,2020-02-17,109000,111000,108000,110500,125212
139480,2020-02-18,110000,111000,108500,109500,123933
139480,2020-02-19,110000,110500,106000,107500,213964
139480,2020-02-20,107500,108000,104000,104500,235992
139480,2020-02-21,103500,106000,102000,102000,156174
139480,2020-02-24,99500,101500,99100,99300,341493
139480,2020-02-25,98700,104500,98700,103500,287811
139480,2020-02-26,102500,110000,102500,106500,493074
139480,2020-02-27,107500,110000,106500,107500,211098
139480,2020-02-28,106000,109000,104000,105000,317981
139480,2020-03-02,107000,109000,104500,107000,289510
139480,2020-03-03,109000,114000,109000,111500,358858
139480,2020-03-04,113000,116000,111500,113000,281719
139480,2020-03-05,115500,118000,114000,117000,339849
139480,2020-03-06,116500,117000,114000,116000,155248
139480,2020-03-09,114500,116000,111500,112500,194777
139480,2020-03-10,111500,116000,111500,112000,241010
139480,2020-03-11,112500,117500,112500,114000,219573
139480,2020-03-12,114500,116500,107500,111000,389511
139480,2020-03-13,101500,108000,100000,104500,407709
139480,2020-03-16,108000,112500,104500,107000,238552
139480,2020-03-17,104500,111500,104000,108500,354292
139480,2020-03-18,109500,110500,103000,103000,233030
139480,2020-03-19,107500,108000,97300,101500,371821
139480,2020-03-20,104000,105000,98200,105000,339958
139480,2020-03-23,99100,102000,97400,97900,211971
139480,2020-03-24,99800,104000,98800,103500,207709
139480,2020-03-25,105500,107000,102000,104000,339118
139480,2020-03-26,105000,108000,102000,104500,290639
139480,2020-03-27,108000,108500,100500,104000,271822
139480,2020-03-30,102500,109000,100500,107500,206826
139480,2020-03-31,109000,110000,104500,106500,253830
023530,2020-01-02,135500,136500,134500,135500,47197
023530,2020-01-03,135500,137000,132500,132500,95250
023530,2020-01-06,130000,131500,128000,128500,72254
023530,2020-01-07,129000,134500,128500,132000,101387
023530,2020-01-08,130500,132000,128000,128000,75220
023530,2020-01-09,130000,131000,128500,130000,80284
023530,2020-01-10,130000,131500,127500,128500,93607
023530,2020-01-13,129000,136000,128000,135000,169220
023530,2020-01-14,136500,140000,136500,137500,155039
023530,2020-01-15,137000,138500,135500,137500,60640
023530,2020-01-16,137500,138000,135000,136000,54154
023530,2020-01-17,136000,138500,136000,136500,46480
023530,2020-01-20,140000,144000,134000,134500,257631
023530,2020-01-21,134000,135500,130500,132000,100003
023530,2020-01-22,133000,133000,130500,131500,99770
023530,2020-01-23,131000,131500,129000,130000,81616
023530,2020-01-28,125000,125500,119000,120500,243214
023530,2020-01-29,120500,122500,120000,120500,105707
023530,2020-01-30,121000,122500,117500,118000,114039
023530,2020-01-31,118000,119000,115000,115500,117262
023530,2020-02-03,111000,114500,110500,113000,138592
023530,2020-02-04,114000,118000,112500,115500,115104
023530,2020-02-05,116000,116500,114000,114000,61452
023530,2020-02-06,116000,117500,115000,117000,122878
023530,2020-02-07,117000,117500,115000,116000,56845
023530,2020-02-10,115000,117000,114000,116500,91086
023530,2020-02-11,116000,119500,116000,119500,96803
023530,2020-02-12,119500,120500,118000,120000,62523
023530,2020-02-13,121000,123000,119500,121500,161972
023530,2020-02-14,119000,121000,115000,116500,224033
023530,2020-02-17,116500,117500,114500,116000,80548
023530,2020-02-18,115500,116000,113500,113500,93253
023530,2020-02-19,114000,115500,111000,112000,121452
023530,2020-02-20,112500,113000,107000,107000,193999
023530,2020-02-21,106000,108500,104000,104500,123419
023530,2020-02-24,100000,101000,99000,99100,268506
023530,2020-02-25,98000,100500,97700,99500,223456
023530,2020-02-26,98200,102000,97800,98900,251652
023530,2020-02-27,98500,100500,98400,98600,138024
023530,2020-02-28,97200,97200,93600,95200,221162
023530,2020-03-02,95300,96800,94500,95800,112471
023530,2020-03-03,97000,98500,96600,97100,119010
023530,2020-03-04,96900,99700,96800,97600,131001
023530,2020-03-05,98800,100500,97400,98900,137424
023530,2020-03-06,98000,98400,94500,94600,192281
023530,2020-03-09,92600,92600,90300,90900,146530
023530,2020-03-10,89200,91100,89000,90000,150690
023530,2020-03-11,89600,91000,88800,89400,129383
023530,2020-03-12,88500,88800,80800,82000,377755
023530,2020-03-13,72400,79100,72300,77800,331997
023530,2020-03-16,77800,80100,74900,75600,186578
023530,2020-03-17,72000,76400,72000,74400,187623
023530,2020-03-18,74400,75200,70000,70000,176478
023530,2020-03-19,71000,71700,59800,60500,321396
023530,2020-03-20,61000,63800,59700,63400,255489
023530,2020-03-23,59000,59900,57800,58300,188896
023530,2020-03-24,59300,62000,58600,62000,228180
023530,2020-03-25,65000,70900,63500,70300,542774
023530,2020-03-26,71300,74000,68300,71500,305432
023530,2020-03-27,75000,75000,70000,72200,225842
023530,2020-03-30,69000,72800,68500,72600,120287
023530,2020-03-31,73800,75000,72000,75000,183135
004170,2020-01-02,289500,296500,289500,292500,48510
004170,2020-01-03,296500,297000,290500,292500,40984
004170,2020-01-06,288000,294000,288000,290000,24759
004170,2020-01-07,293000,311500,291500,305000,99705
004170,2020-01-08,305000,312000,299000,306500,73747
004170,2020-01-09,307000,316000,306500,314500,86612
004170,2020-01-10,313000,319000,311500,312500,47178
004170,2020-01-13,314000,328500,313500,324000,76158
004170,2020-01-14,328000,333500,315500,321500,71220
004170,2020-01-15,320500,324500,318500,323500,43092
004170,2020-01-16,324000,324000,319500,322000,27968
004170,2020-01-17,323500,326500,318000,320500,40136
004170,2020-01-20,326000,332000,306500,309000,147422
004170,2020-01-21,309000,309500,299500,302500,107545
004170,2020-01-22,297500,316500,297500,315500,89830
004170,2020-01-23,311000,313000,305500,306500,55187
004170,2020-01-28,280000,284000,268500,269500,225560
004170,2020-01-29,271500,279500,270000,278500,115522
004170,2020-01-30,278000,279500,263500,266000,123403
004170,2020-01-31,266000,270000,264000,267000,80572
004170,2020-02-03,263000,270500,251500,269000,128235
004170,2020-02-04,268500,280000,263500,273000,91759
004170,2020-02-05,275500,278000,269000,272500,46109
004170,2020-02-06,278000,287500,277000,287000,99051
004170,2020-02-07,287000,287500,280000,281500,50791
004170,2020-02-10,280500,280500,275000,279500,39415
004170,2020-02-11,280500,290000,280500,283500,50104
004170,2020-02-12,282500,300000,282000,300000,94596
004170,2020-02-13,297500,301500,292000,293000,105666
004170,2020-02-14,293000,296000,290000,293000,45622
004170,2020-02-17,293000,303000,290500,296500,62639
004170,2020-02-18,294500,298500,288000,289000,42629
004170,2020-02-19,292000,297500,280000,282500,63834
004170,2020-02-20,284500,286000,268000,270000,153588
004170,2020-02-21,269000,273500,261500,264000,87674
004170,2020-02-24,251000,254500,243500,244500,185890
004170,2020-02-25,244000,258500,243000,254500,125682
004170,2020-02-26,250000,261500,249000,254000,82189
004170,2020-02-27,251500,260500,246500,249000,85871
004170,2020-02-28,245000,245000,231500,236000,172784
004170,2020-03-02,235000,249000,234500,243000,91494
004170,2020-03-03,250000,253000,240500,241500,69902
004170,2020-03-04,240500,260000,240500,253000,93059
004170,2020-03-05,260000,264500,252000,264500,104952
004170,2020-03-06,259500,266000,254500,258000,73181
004170,2020-03-09,252000,257000,246000,253500,64201
004170,2020-03-10,245000,262500,245000,258000,79779
004170,2020-03-11,257000,263000,249000,251000,63614
004170,2020-03-12,252000,252000,232500,241500,146648
004170,2020-03-13,218000,234000,211500,227000,188739
004170,2020-03-16,229500,235000,218500,218500,82731
004170,2020-03-17,210000,238500,206500,237500,112027
004170,2020-03-18,235000,250000,225500,226000,105391
004170,2020-03-19,234500,239500,199000,204000,138230
004170,2020-03-20,210500,225000,200000,224000,106243
004170,2020-03-23,207500,215000,201000,206500,80435
004170,2020-03-24,213000,223000,208500,220500,98816
004170,2020-03-25,227000,238000,222500,238000,147830
004170,2020-03-26,238000,245500,230500,232500,88514
004170,2020-03-27,243500,243500,221000,224500,150570
004170,2020-03-30,215500,218000,207500,215000,159615
004170,2020-03-31,220000,220000,210500,217500,133878
007070,2020-01-02,33783,33868,33098,33270,98616
007070,2020-01-03,33270,33612,32842,33356,182853
007070,2020-01-06,32885,33612,32842,33185,87819
007070,2020-01-07,33356,34083,32971,33912,145682
007070,2020-01-08,33526,33826,33184,33484,148165
007070,2020-01-09,33270,33698,32928,33057,159899
007070,2020-01-10,32885,33441,32842,33313,108640
007070,2020-01-13,33141,34168,33141,33826,133154
007070,2020-01-14,33869,34339,33783,33912,86959
007070,2020-01-15,33527,33954,33356,33912,79264
007070,2020-01-16,33655,33912,33185,33912,92750
007070,2020-01-17,33911,34125,33526,33655,123728
007070,2020-01-20,33697,33954,33440,33612,83251
007070,2020-01-21,33483,34852,33184,34553,203860
007070,2020-01-22,34638,35151,34253,35066,131815
007070,2020-01-23,34552,35151,34510,34895,140168
007070,2020-01-28,34809,35493,34553,34767,220174
007070,2020-01-29,34125,34981,33869,34639,143829
007070,2020-01-30,34297,34938,34297,34511,107155
007070,2020-01-31,34638,34895,33912,33912,130892
007070,2020-02-03,34339,34981,33912,34511,196471
007070,2020-02-04,34126,34425,33698,33784,219013
007070,2020-02-05,33740,36092,33612,34895,429652
007070,2020-02-06,35793,35835,33954,34168,366105
007070,2020-02-07,34211,34339,33099,33527,242842
007070,2020-02-10,33142,33569,33013,33142,94651
007070,2020-02-11,33014,33484,33014,33399,98568
007070,2020-02-12,33056,33484,33056,33399,113315
007070,2020-02-13,33398,33526,33142,33142,133792
007070,2020-02-14,33142,33484,32971,33057,93437
007070,2020-02-17,33441,33612,32970,33313,108962
007070,2020-02-18,33312,33612,33013,33099,110562
007070,2020-02-19,33355,33355,32585,32885,127690
007070,2020-02-20,32585,32842,31987,32030,145517
007070,2020-02-21,31346,31902,30704,31047,310711
007070,2020-02-24,30148,31602,29892,30320,347405
007070,2020-02-25,30319,30619,29079,30448,241598
007070,2020-02-26,30576,30918,30020,30790,296593
007070,2020-02-27,30490,31046,30448,30662,160437
007070,2020-02-28,30875,30875,29678,30234,326747
007070,2020-03-02,30362,30747,29849,30106,152598
007070,2020-03-03,30148,30532,29806,29806,171560
007070,2020-03-04,29849,30490,29763,30234,222692
007070,2020-03-05,30233,31473,30105,31431,399913
007070,2020-03-06,31003,31003,30105,30191,239386
007070,2020-03-09,29934,30062,29335,29678,176896
007070,2020-03-10,29806,29806,28993,29165,218380
007070,2020-03-11,29207,29421,28138,28395,234758
007070,2020-03-12,28309,28480,26898,27369,376479
007070,2020-03-13,25316,26813,24974,26685,369682
007070,2020-03-16,26684,27454,25871,26385,242710
007070,2020-03-17,25059,27026,25059,25615,225320
007070,2020-03-18,25486,25786,24374,24888,291548
007070,2020-03-19,25102,25358,22108,22451,453485
007070,2020-03-20,22450,24631,22450,24375,353641
007070,2020-03-23,23177,23348,21467,22194,266384
007070,2020-03-24,22579,23477,22237,23221,197328
007070,2020-03-25,23605,24717,23434,24675,296988
007070,2020-03-26,24973,25657,24631,24931,216604
007070,2020-03-27,25657,25914,24289,25102,172302
007070,2020-03-30,25016,25102,23947,24803,145996
007070,2020-03-31,25059,26812,25016,26428,407242
039130,2020-01-02,49916,51870,49330,51577,96563
039130,2020-01-03,51772,52553,51088,51577,111211
039130,2020-01-06,50697,50795,48841,49428,170037
039130,2020-01-07,49525,51479,49525,50210,99450
039130,2020-01-08,49818,50014,48353,49037,95710
039130,2020-01-09,50795,50991,49916,50796,65278
039130,2020-01-10,51381,53726,51088,52945,269229
039130,2020-01-13,54116,55679,53237,55582,244570
039130,2020-01-14,56558,56754,54800,55582,188330
039130,2020-01-15,55777,55875,54312,55191,121732
039130,2020-01-16,55972,55972,54605,54898,75714
039130,2020-01-17,54898,55679,54898,55094,51035
039130,2020-01-20,54800,55679,51674,52066,301088
039130,2020-01-21,51284,51967,50014,50796,190973
039130,2020-01-22,50307,50404,49428,50014,214075
039130,2020-01-23,49525,49623,47865,47963,309561
039130,2020-01-28,43176,44592,42443,43079,688657
039130,2020-01-29,43567,45178,43273,45081,297031
039130,2020-01-30,45081,45618,43615,43909,184526
039130,2020-01-31,43860,45081,43664,43860,152094
039130,2020-02-03,43176,44934,42394,44739,212939
039130,2020-02-04,44641,47327,44543,47035,203389
039130,2020-02-05,47376,47474,46448,46937,102107
039130,2020-02-06,46985,48402,46985,47963,105205
039130,2020-02-07,48109,48109,46839,47865,92454
039130,2020-02-10,46790,47474,46546,47474,80784
039130,2020-02-11,47279,47816,46937,47816,122701
039130,2020-02-12,47816,49037,47279,48842,137078
039130,2020-02-13,49818,50795,49428,50210,218023
039130,2020-02-14,49721,50111,49330,49330,70778
039130,2020-02-17,48841,50307,48744,49916,94347
039130,2020-02-18,50014,50502,49037,49135,96951
039130,2020-02-19,48939,49721,46888,47572,226644
039130,2020-02-20,47572,47962,45129,45911,259800
039130,2020-02-21,44592,46106,44055,44251,216840
039130,2020-02-24,42345,44006,41027,43079,261123
039130,2020-02-25,42590,44299,42590,43811,176341
039130,2020-02-26,43029,44592,42980,44055,141548
039130,2020-02-27,44055,45471,43078,43323,179181
039130,2020-02-28,42785,42785,41027,41320,251605
039130,2020-03-02,40929,41955,39366,41125,193220
039130,2020-03-03,42004,44250,42004,42248,153524
039130,2020-03-04,42004,44006,41466,44007,124003
039130,2020-03-05,45178,46399,44104,45667,231751
039130,2020-03-06,44543,45276,44055,44690,129094
039130,2020-03-09,43469,44690,42639,42688,172664
039130,2020-03-10,41808,44153,41808,43958,172100
039130,2020-03-11,44446,44543,42345,42688,112232
039130,2020-03-12,42052,43176,40050,43176,223149
039130,2020-03-13,39073,41076,36631,40392,345911
039130,2020-03-16,40392,41124,38194,38194,195975
039130,2020-03-17,36240,38829,35703,37950,202309
039130,2020-03-18,37461,38585,35508,35508,143912
039130,2020-03-19,35263,36143,25983,27156,396251
039130,2020-03-20,27156,29598,26374,28524,188825
039130,2020-03-23,27351,28816,26325,27547,157666
039130,2020-03-24,27986,28963,27839,28914,219915
039130,2020-03-25,30379,32626,30233,31357,273490
039130,2020-03-26,32724,39073,31503,35557,486760
039130,2020-03-27,38047,38096,34189,35948,260779
039130,2020-03-30,33456,35898,33212,35703,136434
039130,2020-03-31,36631,37168,35703,36241,104149
080160,2020-01-02,18250,18250,17650,18100,92808
080160,2020-01-03,18100,18250,17600,17600,114086
080160,2020-01-06,17150,17250,16750,16800,221165
080160,2020-01-07,17050,17600,16850,17550,188005
080160,2020-01-08,17350,17400,16900,16950,148745
080160,2020-01-09,17350,17400,16800,17050,255884
080160,2020-01-10,17200,17900,17150,17550,363500
080160,2020-01-13,17950,18900,17700,18800,423269
080160,2020-01-14,19100,19600,18700,19000,362044
080160,2020-01-15,19000,19000,18200,18450,345025
080160,2020-01-16,18550,18700,18250,18500,125110
080160,2020-01-17,18500,18600,18050,18150,139248
080160,2020-01-20,18200,18400,17350,17550,279304
080160,2020-01-21,17400,17500,16450,16600,623898
080160,2020-01-22,16400,16750,16250,16650,231286
080160,2020-01-23,16450,16650,16150,16200,259702
080160,2020-01-28,14650,15250,14650,14700,561916
080160,2020-01-29,14950,15250,14700,15200,232779
080160,2020-01-30,15200,15200,14750,14850,186890
080160,2020-01-31,14850,15250,14650,14750,160376
080160,2020-02-03,14300,15500,14300,15300,353366
080160,2020-02-04,15300,16000,15100,15750,191407
080160,2020-02-05,15800,15900,15400,15800,108707
080160,2020-02-06,15900,16200,15800,16100,141136
080160,2020-02-07,16000,16000,15550,15700,115974
080160,2020-02-10,15500,15800,15300,15800,108437
080160,2020-02-11,15600,16250,15600,16200,167008
080160,2020-02-12,16250,16400,16000,16350,167893
080160,2020-02-13,16500,16900,16200,16350,278128
080160,2020-02-14,16400,16400,16000,16100,104030
080160,2020-02-17,16100,16500,15750,16450,134490
080160,2020-02-18,16450,16500,16000,16100,95894
080160,2020-02-19,16100,16250,15450,15700,118297
080160,2020-02-20,15650,15800,15150,15250,140405
080160,2020-02-21,15100,15400,14750,14800,123471
080160,2020-02-24,14300,14600,13800,14500,251322
080160,2020-02-25,14500,15150,14450,14700,192407
080160,2020-02-26,14400,15050,14200,14950,178736
080160,2020-02-27,14800,15250,14300,14450,212172
080160,2020-02-28,14250,14300,13900,14150,198574
080160,2020-03-02,13950,14050,13300,13550,414325
080160,2020-03-03,14000,14250,13650,13650,288161
080160,2020-03-04,13450,14650,13450,14500,212356
080160,2020-03-05,14700,15100,14300,14950,256671
080160,2020-03-06,14600,14700,14000,14200,243124
080160,2020-03-09,13750,13900,13250,13400,296073
080160,2020-03-10,13000,13850,13000,13850,232015
080160,2020-03-11,13950,14150,13350,13450,192951
080160,2020-03-12,13100,13250,12300,12500,387973
080160,2020-03-13,11300,11800,10250,11250,702796
080160,2020-03-16,11400,11700,10300,10400,467922
080160,2020-03-17,9500,10500,9500,10350,315976
080160,2020-03-18,10350,10500,9800,9800,359994
080160,2020-03-19,9890,10200,7730,7860,582738
080160,2020-03-20,7750,8470,7710,8430,565064
080160,2020-03-23,7700,8090,7170,7690,442388
080160,2020-03-24,7820,8350,7640,8330,376343
080160,2020-03-25,8800,9330,8550,8950,499716
080160,2020-03-26,9150,10700,8820,9750,1094926
080160,2020-03-27,10200,10450,9180,9500,659083
080160,2020-03-30,8880,9700,8750,9680,281939
080160,2020-03-31,9780,10250,9600,9870,390846
008770,2020-01-02,92100,94500,91300,94000,833223
008770,2020-01-03,95100,96200,93000,95300,689855
008770,2020-01-06,93200,95300,93200,94900,413182
008770,2020-01-07,95500,99500,95400,99400,736235
008770,2020-01-08,98300,100500,97200,97300,731806
008770,2020-01-09,99500,101000,98500,99400,604384
008770,2020-01-10,99900,102500,99600,102500,559067
008770,2020-01-13,103000,107000,102000,106500,574810
008770,2020-01-14,108500,109500,105000,107000,765307
008770,2020-01-15,107000,107000,104000,105500,399136
008770,2020-01-16,105500,107500,104500,107000,308999
008770,2020-01-17,106500,108500,106000,108500,242391
008770,2020-01-20,109000,111000,101000,103000,1168346
008770,2020-01-21,101500,104500,99800,99900,1196061
008770,2020-01-22,97600,102000,96500,101000,1412802
008770,2020-01-23,99400,99400,96900,97000,952483
008770,2020-01-28,87100,88900,86200,87000,2383525
008770,2020-01-29,88200,91500,85700,89500,1553767
008770,2020-01-30,89200,90600,87000,87800,841384
008770,2020-01-31,88800,90300,87200,87400,785687
008770,2020-02-03,84900,91300,83600,90300,1729475
008770,2020-02-04,89600,91500,88000,89700,870658
008770,2020-02-05,91200,91200,88300,89000,673171
008770,2020-02-06,90200,95100,90000,95000,1166680
008770,2020-02-07,95000,95000,91700,92000,996203
008770,2020-02-10,90800,90900,89300,90400,647191
008770,2020-02-11,91000,93300,91000,92400,549352
008770,2020-02-12,92800,97900,92800,97600,1076967
008770,2020-02-13,98000,99200,95700,96800,1203127
008770,2020-02-14,96000,97300,95800,96800,467931
008770,2020-02-17,97200,98900,96500,97400,499871
008770,2020-02-18,97600,97700,94000,94000,652214
008770,2020-02-19,94800,95800,92700,94100,459080
008770,2020-02-20,94000,94700,90600,90900,787822
008770,2020-02-21,89100,91900,88400,88900,883251
008770,2020-02-24,84700,85700,83800,83900,1047798
008770,2020-02-25,83500,86700,83100,86300,815626
008770,2020-02-26,84500,87300,83700,85800,645087
008770,2020-02-27,85300,87500,83600,83900,593162
008770,2020-02-28,82100,83400,79700,80300,1041668
008770,2020-03-02,80300,83100,78600,81400,731391
008770,2020-03-03,83600,85200,81600,82000,599394
008770,2020-03-04,82300,85300,81900,85300,595455
008770,2020-03-05,86400,87100,84200,86700,623272
008770,2020-03-06,84700,86000,83800,84100,501682
008770,2020-03-09,82500,82500,79700,81000,772226
008770,2020-03-10,80500,85400,80500,84500,813711
008770,2020-03-11,84500,85000,81600,82000,478135
008770,2020-03-12,81800,81800,76600,79000,1418707
008770,2020-03-13,72000,76500,70200,75100,1613653
008770,2020-03-16,76400,77400,70600,70600,755600
008770,2020-03-17,67600,75400,67500,74000,923565
008770,2020-03-18,74100,77500,69700,69700,1270816
008770,2020-03-19,72400,73100,60700,63000,1094365
008770,2020-03-20,65000,67800,63200,67700,835080
008770,2020-03-23,61300,64300,61300,61800,735001
008770,2020-03-24,63900,65000,62200,64800,885966
008770,2020-03-25,67000,72300,66900,71400,1246474
008770,2020-03-26,72800,75200,70700,71000,904978
008770,2020-03-27,74500,74600,68600,70900,1064237
008770,2020-03-30,68300,68600,66500,68500,997649
008770,2020-03-31,70000,70500,67700,70500,1091119
003490,2020-01-02,18479,18511,17993,18058,303459
003490,2020-01-03,18155,18252,17668,17701,572272
003490,2020-01-06,17409,17571,16858,17183,690224
003490,2020-01-07,17182,17604,17117,17410,388103
003490,2020-01-08,17150,17312,16826,17053,676198
003490,2020-01-09,17279,17798,17279,17799,614807
003490,2020-01-10,17734,17896,17539,17701,269328
003490,2020-01-13,17960,18090,17506,17701,366016
003490,2020-01-14,17571,17896,17441,17605,500234
003490,2020-01-15,17539,17701,17377,17572,303515
003490,2020-01-16,17571,17928,17409,17832,348287
003490,2020-01-17,17830,17993,17668,17767,334990
003490,2020-01-20,17734,17993,17377,17410,368095
003490,2020-01-21,17409,17539,16760,16956,590717
003490,2020-01-22,17020,17215,16826,17183,365562
003490,2020-01-23,16988,17053,16210,16470,757735
003490,2020-01-28,15140,15755,14783,15368,1668337
003490,2020-01-29,15464,15755,15302,15464,618201
003490,2020-01-30,15464,15593,15302,15433,445228
003490,2020-01-31,15431,15788,15334,15335,620869
003490,2020-02-03,15659,16015,15010,15659,846169
003490,2020-02-04,15723,17279,15431,16697,1956707
003490,2020-02-05,17053,17053,16372,16859,964355
003490,2020-02-06,16858,17798,16858,17508,1240187
003490,2020-02-07,17604,18025,17247,17442,796200
003490,2020-02-10,17506,17506,16858,17053,754365
003490,2020-02-11,17053,17247,16534,16924,821740
003490,2020-02-12,16826,17215,16696,16924,566748
003490,2020-02-13,16922,17215,16793,16891,744099
003490,2020-02-14,16891,16955,16598,16632,425300
003490,2020-02-17,16567,16631,16274,16405,462173
003490,2020-02-18,16372,16372,15821,15854,891527
003490,2020-02-19,16112,16112,15561,15692,681276
003490,2020-02-20,15853,16015,15334,15335,959631
003490,2020-02-21,15237,15497,15075,15271,727771
003490,2020-02-24,14783,14816,14297,14330,1633736
003490,2020-02-25,14264,14685,14070,14557,1289061
003490,2020-02-26,14199,15788,14070,14881,2915823
003490,2020-02-27,14718,15366,14492,14881,1045609
003490,2020-02-28,14751,14751,14264,14460,1118328
003490,2020-03-02,14264,14654,13940,14460,992603
003490,2020-03-03,14654,15010,14459,14525,1010651
003490,2020-03-04,14459,15788,14330,15562,1459603
003490,2020-03-05,15788,16567,15659,16276,2216940
003490,2020-03-06,15885,15918,15237,15433,1520202
003490,2020-03-09,15366,15788,14589,15173,1172883
003490,2020-03-10,14848,15431,14816,15271,1216109
003490,2020-03-11,15334,15529,14654,14752,1121555
003490,2020-03-12,14685,14685,13940,14071,1355702
003490,2020-03-13,12514,13713,12481,13358,1799050
003490,2020-03-16,13713,14070,12903,13034,1077330
003490,2020-03-17,12124,13616,12124,12839,1306014
003490,2020-03-18,12838,13000,11606,11736,1426430
003490,2020-03-19,11573,11736,8331,8819,5231313
003490,2020-03-20,8817,10601,8299,9889,7782231
003490,2020-03-23,9012,10147,8785,9272,3347088
003490,2020-03-24,9498,9855,9401,9727,2680025
003490,2020-03-25,10698,11736,10698,11250,4564606
003490,2020-03-26,11995,13097,11347,11898,4960871
003490,2020-03-27,12838,13032,11736,12288,2633752
003490,2020-03-30,11671,12255,11379,12126,1470195
003490,2020-03-31,12417,12514,12027,12126,1312182
005610,2020-01-02,87900,87900,86000,86200,6040
005610,2020-01-03,86200,86800,84900,85400,9534
005610,2020-01-06,85000,85900,84600,85000,6938
005610,2020-01-07,84600,86200,84500,84800,6713
005610,2020-01-08,84000,84100,81500,81700,15189
005610,2020-01-09,82000,83200,81600,82000,9750
005610,2020-01-10,82000,82200,81300,81700,10832
005610,2020-01-13,81300,84300,81300,83500,11136
005610,2020-01-14,83500,84200,83100,83300,4906
005610,2020-01-15,82800,83500,82800,83300,5259
005610,2020-01-16,83300,83900,82700,83100,5862
005610,2020-01-17,83200,83700,82700,82700,4234
005610,2020-01-20,82800,83700,82200,83100,6323
005610,2020-01-21,83100,83700,82500,82700,4379
005610,2020-01-22,83500,84400,82800,83500,6508
005610,2020-01-23,83100,83700,82000,82300,8618
005610,2020-01-28,81000,82300,79700,79800,15797
005610,2020-01-29,79400,80000,78400,79400,6322
005610,2020-01-30,79800,80000,76100,76500,13395
005610,2020-01-31,75100,77400,75100,76200,6413
005610,2020-02-03,74300,75400,72600,73700,9545
005610,2020-02-04,73200,75300,72800,74400,8118
005610,2020-02-05,74500,75500,73000,73200,11488
005610,2020-02-06,73500,75700,73500,75600,8325
005610,2020-02-07,75000,78000,75000,77300,10598
005610,2020-02-10,77500,78700,76100,78200,6248
005610,2020-02-11,78700,81200,78400,81200,8864
005610,2020-02-12,81100,82800,79800,80600,13097
005610,2020-02-13,81000,81100,78100,78600,19796
005610,2020-02-14,79000,79500,78000,78400,6086
005610,2020-02-17,78400,78400,76600,77200,6911
005610,2020-02-18,76500,77500,76200,76600,6011
005610,2020-02-19,78000,78000,74600,74700,11606
005610,2020-02-20,74700,75900,73700,73700,6502
005610,2020-02-21,72300,73500,71800,71900,12580
005610,2020-02-24,70100,71700,69800,70000,13459
005610,2020-02-25,74400,74400,70000,70500,13243
005610,2020-02-26,69900,71400,69200,70900,11300
005610,2020-02-27,70300,72000,70300,71200,5944
005610,2020-02-28,71700,71700,67200,67300,18105
005610,2020-03-02,67200,67800,66000,67100,13254
005610,2020-03-03,68500,68600,67300,68300,13564
005610,2020-03-04,68100,69600,67700,68800,8740
005610,2020-03-05,68800,73500,67500,72300,23747
005610,2020-03-06,71300,72100,68700,71100,22611
005610,2020-03-09,69100,69500,67700,68200,11502
005610,2020-03-10,67800,68000,66200,67900,9433
005610,2020-03-11,67100,68000,64200,64900,14644
005610,2020-03-12,63000,66000,60000,61900,22227
005610,2020-03-13,55800,60000,52600,57600,35373
005610,2020-03-16,58300,60000,53700,54500,27525
005610,2020-03-17,50300,53700,50300,51600,23259
005610,2020-03-18,51800,53100,49800,49800,27466
005610,2020-03-19,49800,51800,42500,42950,36503
005610,2020-03-20,42050,45500,42050,43700,33392
005610,2020-03-23,40550,42000,39950,40650,30407
005610,2020-03-24,41100,43800,40850,43650,28669
005610,2020-03-25,44800,51400,44350,51100,34992
005610,2020-03-26,54800,57600,52700,54000,38872
005610,2020-03-27,56000,64900,55000,58800,54229
005610,2020-03-30,58800,60000,55500,59000,19470
005610,2020-03-31,60000,62000,59300,60500,25781
031440,2020-01-02,70300,71300,70100,71200,4481
031440,2020-01-03,71400,71600,70900,71200,2996
031440,2020-01-06,70800,71500,69700,70000,3294
031440,2020-01-07,69700,70800,69700,70400,2611
031440,2020-01-08,70400,70400,68500,69100,5852
031440,2020-01-09,69800,70000,68800,68800,6711
031440,2020-01-10,68700,69100,68200,68500,6110
031440,2020-01-13,68500,69600,68200,69300,4550
031440,2020-01-14,69500,69500,68500,69300,5270
031440,2020-01-15,69000,70500,68800,70400,6397
031440,2020-01-16,70200,73800,70200,73600,26117
031440,2020-01-17,74000,74000,72100,73500,6787
031440,2020-01-20,72800,73400,72000,72300,6247
031440,2020-01-21,72300,72600,70900,71700,5548
031440,2020-01-22,71900,72200,71100,71100,2495
031440,2020-01-23,71500,71500,70500,71500,3191
031440,2020-01-28,70300,70500,67200,68000,14516
031440,2020-01-29,67900,68900,67100,68400,4233
031440,2020-01-30,68100,68800,66900,67500,5377
031440,2020-01-31,67500,67900,66800,67400,3726
031440,2020-02-03,67400,67400,65000,67400,5100
031440,2020-02-04,67400,67700,66900,67500,4314
031440,2020-02-05,68000,68200,66900,67500,7104
031440,2020-02-06,67700,68700,67000,68100,8966
031440,2020-02-07,68500,68900,67900,68600,5359
031440,2020-02-10,68200,68400,67600,68100,4871
031440,2020-02-11,68200,68200,67400,67800,7817
031440,2020-02-12,68000,68800,67600,68700,4904
031440,2020-02-13,69000,69700,67900,69300,10500
031440,2020-02-14,68700,69300,68100,68200,8980
031440,2020-02-17,68300,68500,66800,67400,8701
031440,2020-02-18,67400,67400,65900,66700,11982
031440,2020-02-19,66700,66800,65700,66400,6797
031440,2020-02-20,66400,66400,65100,65600,7752
031440,2020-02-21,65200,65200,63400,63800,12793
031440,2020-02-24,63000,69200,62000,62600,62471
031440,2020-02-25,63200,63800,60700,63200,15127
031440,2020-02-26,62500,62500,61100,62000,21671
031440,2020-02-27,61400,61800,60600,61200,14886
031440,2020-02-28,61100,61200,58600,58700,12978
031440,2020-03-02,57100,59600,57100,58800,8209
031440,2020-03-03,59800,60200,57000,57300,18715
031440,2020-03-04,57300,57700,56600,57000,16876
031440,2020-03-05,57200,58300,57200,58200,13878
031440,2020-03-06,57900,58000,55100,57000,11392
031440,2020-03-09,55800,56300,53600,54000,18009
031440,2020-03-10,52600,53500,51800,53500,11036
031440,2020-03-11,53100,54300,51500,52400,9009
031440,2020-03-12,51200,51400,47000,48950,30170
031440,2020-03-13,46800,46800,42000,44600,50556
031440,2020-03-16,46000,46350,44200,45300,19882
031440,2020-03-17,42650,46400,42600,46400,14862
031440,2020-03-18,46400,47700,45400,45500,8841
031440,2020-03-19,45000,45750,40600,42350,26982
031440,2020-03-20,41500,43600,40500,42700,25630
031440,2020-03-23,40000,40000,38450,38700,19621
031440,2020-03-24,38800,40900,38800,40400,14871
031440,2020-03-25,41700,43450,40200,42800,29025
031440,2020-03-26,43550,44300,42000,44050,22567
031440,2020-03-27,45850,46250,43500,44850,14394
031440,2020-03-30,42550,46200,42550,46000,10654
031440,2020-03-31,47600,48150,46250,47250,16281
041510,2020-01-02,38700,38700,37500,37950,152452
041510,2020-01-03,38000,38000,36800,37200,298101
041510,2020-01-06,37200,37200,35150,35300,308017
041510,2020-01-07,35500,36350,35500,36200,200976
041510,2020-01-08,35800,35900,34850,35100,189018
041510,2020-01-09,35700,36400,35650,36400,153677
041510,2020-01-10,36150,36300,34850,35650,448684
041510,2020-01-13,36300,39350,36200,38850,1193705
041510,2020-01-14,38850,39200,37850,38050,419028
041510,2020-01-15,38000,38250,37250,37700,325639
041510,2020-01-16,38000,38050,37200,37800,223948
041510,2020-01-17,37600,38150,37450,37700,142972
041510,2020-01-20,38000,39000,37450,37900,359765
041510,2020-01-21,37900,37900,35850,36000,463535
041510,2020-01-22,35850,36750,35750,36500,217951
041510,2020-01-23,36050,36350,35850,36000,125313
041510,2020-01-28,32450,33800,32050,32900,467470
041510,2020-01-29,32900,34200,32900,33600,229544
041510,2020-01-30,33150,34250,33150,33650,149732
041510,2020-01-31,33850,34000,32850,32850,169043
041510,2020-02-03,31950,33400,31650,33250,206850
041510,2020-02-04,33600,34250,33100,33950,129255
041510,2020-02-05,34100,34550,33300,33850,114271
041510,2020-02-06,34050,34400,33600,34350,119666
041510,2020-02-07,34400,34800,33750,33950,135472
041510,2020-02-10,33750,33800,33200,33500,118403
041510,2020-02-11,33750,34400,33700,34100,90638
041510,2020-02-12,34050,34250,33650,34250,103832
041510,2020-02-13,34350,34350,33850,34000,127585
041510,2020-02-14,34250,34250,33600,33950,101552
041510,2020-02-17,34000,34250,33300,34050,115207
041510,2020-02-18,33950,34050,33300,33400,110105
041510,2020-02-19,33650,33750,32850,33100,101171
041510,2020-02-20,33200,33300,32350,32550,110985
041510,2020-02-21,32150,32400,31400,31500,117481
041510,2020-02-24,30600,30950,29900,30000,193382
041510,2020-02-25,29750,31550,29700,31550,163372
041510,2020-02-26,30650,31950,30650,31050,158711
041510,2020-02-27,31000,31600,29900,30100,208771
041510,2020-02-28,29600,29950,28000,28450,332874
041510,2020-03-02,28050,29800,28050,29700,201929
041510,2020-03-03,30300,30650,29400,29600,167701
041510,2020-03-04,29600,30000,29400,29750,124830
041510,2020-03-05,29900,30050,29400,29700,149508
041510,2020-03-06,29100,29400,27650,28300,435866
041510,2020-03-09,27500,27750,26050,26400,343654
041510,2020-03-10,25900,27400,25900,26550,354958
041510,2020-03-11,26300,26800,25850,26100,247777
041510,2020-03-12,25100,25650,22700,23400,673918
041510,2020-03-13,20600,23750,20550,22550,956110
041510,2020-03-16,22600,23250,21550,21700,392542
041510,2020-03-17,19850,22050,19850,21400,340796
041510,2020-03-18,21700,22700,20500,20500,308992
041510,2020-03-19,20700,21250,18600,19000,510646
041510,2020-03-20,19150,19900,18350,19450,672829
041510,2020-03-23,18350,18400,16350,16700,787147
041510,2020-03-24,17300,18500,16800,18500,609471
041510,2020-03-25,19500,20550,18900,20450,653623
041510,2020-03-26,20650,22000,19700,20200,761815
041510,2020-03-27,21400,21400,19550,20500,438632
041510,2020-03-30,19650,20800,19150,20800,260589
041510,2020-03-31,21150,21250,20450,21050,349766
079160,2020-01-02,22085,22117,21578,21801,93345
079160,2020-01-03,21800,21864,21293,21548,214455
079160,2020-01-06,21292,21325,20817,20850,140195
079160,2020-01-07,21072,21326,20913,21231,108383
079160,2020-01-08,20279,21135,20279,20312,248615
079160,2020-01-09,20660,20788,20344,20598,186802
079160,2020-01-10,20564,20754,20279,20470,126044
079160,2020-01-13,20374,20881,20374,20819,147249
079160,2020-01-14,20819,20945,20660,20883,148779
079160,2020-01-15,20883,20914,20629,20788,144885
079160,2020-01-16,20787,21358,20755,21168,174516
079160,2020-01-17,21293,21325,20818,20914,132289
079160,2020-01-20,20849,21103,20723,20819,148234
079160,2020-01-21,20724,21009,20280,20344,209376
079160,2020-01-22,20279,20342,20089,20280,208836
079160,2020-01-23,20185,20185,19963,19995,153041
079160,2020-01-28,19076,19202,17840,17904,777721
079160,2020-01-29,17903,18283,17807,17872,285631
079160,2020-01-30,17903,18124,17300,17428,336965
079160,2020-01-31,17332,17427,16508,16636,583261
079160,2020-02-03,16033,17712,15938,17682,795919
079160,2020-02-04,17807,18632,17617,18062,600827
079160,2020-02-05,18093,18473,17903,18062,303880
079160,2020-02-06,18061,18885,18061,18791,387418
079160,2020-02-07,18727,18727,18283,18379,196661
079160,2020-02-10,18315,18664,18157,18538,176762
079160,2020-02-11,19329,19329,18189,18443,399235
079160,2020-02-12,18125,18632,18125,18411,280246
079160,2020-02-13,18695,19646,18442,18664,954372
079160,2020-02-14,18694,18789,18156,18252,374849
079160,2020-02-17,18283,18315,17935,18221,257456
079160,2020-02-18,18093,18442,17966,18125,185923
079160,2020-02-19,18029,18188,17300,17428,586314
079160,2020-02-20,17428,17523,16763,16763,440483
079160,2020-02-21,16762,17047,16096,16287,572487
079160,2020-02-24,15620,15969,15525,15558,583089
079160,2020-02-25,15494,16286,15494,16002,393940
079160,2020-02-26,16000,16000,15525,15748,280463
079160,2020-02-27,15653,16034,15432,15781,360414
079160,2020-02-28,15337,15590,14893,14957,524826
079160,2020-03-02,15019,15685,14829,15305,343720
079160,2020-03-03,15463,15717,15019,15052,459562
079160,2020-03-04,14923,15557,14923,15463,267450
079160,2020-03-05,15843,16445,15463,16383,560190
079160,2020-03-06,16287,16287,15748,15781,307926
079160,2020-03-09,15495,16256,15083,15971,608745
079160,2020-03-10,15557,16159,15462,15907,351273
079160,2020-03-11,15907,15939,15146,15337,241017
079160,2020-03-12,15146,15304,14036,14291,560513
079160,2020-03-13,12864,13561,12230,13562,781082
079160,2020-03-16,13593,14227,13118,13436,412441
079160,2020-03-17,12167,13181,12167,12580,548267
079160,2020-03-18,12674,12674,11217,11217,482979
079160,2020-03-19,11216,11532,8998,8999,714714
079160,2020-03-20,9030,9917,8872,9918,496763
079160,2020-03-23,9029,9283,8808,8967,349351
079160,2020-03-24,9252,9537,9030,9538,373880
079160,2020-03-25,10139,10361,9822,10330,687049
079160,2020-03-26,10615,12864,10107,11281,908949
079160,2020-03-27,11627,12040,10455,10995,767342
079160,2020-03-30,10361,11089,10171,11059,472185
079160,2020-03-31,11280,11438,10899,11217,546857
